frame,time,x,y,z,vx,vy,vz,yaw,yaw_rate,speed,rpm,gear,steer,grounded
0,0.000000,-0.000000,0.000065,0.000001,-0.000018,0.004041,0.000190,-0.000011,0.000000,-0.000189,862.689,0,0.000000,4
1,0.016667,-0.000000,0.000142,0.000003,-0.000021,0.004874,0.000232,-0.000011,0.000000,-0.000231,976.757,0,0.000000,4
2,0.033333,-0.000000,0.000230,0.000005,-0.000023,0.005506,0.000266,-0.000011,0.000000,-0.000264,1092.151,0,0.000000,4
3,0.050000,-0.000001,0.000325,0.000007,-0.000025,0.005930,0.000289,-0.000011,-0.000000,-0.000288,1208.814,0,0.000000,4
4,0.066667,-0.000001,0.000423,0.000009,-0.000025,0.006146,0.000303,-0.000011,-0.000000,-0.000302,1326.687,0,0.000000,4
5,0.083333,-0.000001,0.000521,0.000011,-0.000025,0.006162,0.000308,-0.000011,-0.000000,-0.000306,1445.707,0,0.000000,4
6,0.100000,-0.000001,0.000616,0.000013,-0.000025,0.005990,0.000303,-0.000011,-0.000000,-0.000302,1565.810,0,0.000000,4
7,0.116667,-0.000001,0.000706,0.000015,-0.000024,0.005647,0.000290,-0.000011,-0.000000,-0.000288,1565.810,0,0.000000,4
8,0.133333,-0.000001,0.000751,-0.005231,-0.000018,0.005009,-0.313250,-0.000011,0.000003,0.313253,1355.749,0,0.000000,4
9,0.150000,-0.000002,0.000752,-0.016521,-0.000012,0.004397,-0.674471,-0.000014,-0.000154,0.674475,1385.891,0,0.000000,4
10,0.166667,-0.000002,0.000720,-0.033025,-0.000009,0.003885,-0.986374,-0.000019,-0.000310,0.986379,1397.843,0,0.000000,4
11,0.183333,-0.000004,0.000666,-0.054017,-0.000014,0.003432,-1.255031,-0.000027,-0.000454,1.255035,1409.226,0,0.000000,4
12,0.200000,-0.000005,0.000625,-0.075275,-0.000035,0.003105,-1.271777,-0.000035,-0.000500,1.271780,1419.989,0,0.000000,4
13,0.216667,-0.000008,0.000595,-0.096912,-0.000080,0.002633,-1.295228,-0.000044,-0.000520,1.295229,1475.921,0,0.000000,4
14,0.233333,-0.000012,0.000570,-0.119255,-0.000145,0.002031,-1.338209,-0.000052,-0.000513,1.338206,1532.084,0,0.000000,4
15,0.250000,-0.000017,0.000547,-0.142748,-0.000220,0.001328,-1.407755,-0.000060,-0.000482,1.407748,1588.513,0,0.000000,4
16,0.266667,-0.000023,0.000521,-0.167863,-0.000298,0.000567,-1.505502,-0.000068,-0.000434,1.505489,1645.225,0,0.000000,4
17,0.283333,-0.000030,0.000490,-0.195028,-0.000368,-0.000212,-1.628732,-0.000074,-0.000378,1.628713,1702.228,0,0.000000,4
18,0.300000,-0.000033,0.000425,-0.228298,-0.000100,-0.001075,-1.994316,-0.000079,-0.000330,1.994286,1759.520,0,0.000000,4
19,0.316667,-0.000035,0.000361,-0.263691,-0.000079,-0.001633,-2.122070,-0.000085,-0.000347,2.122032,1770.686,0,0.000000,4
20,0.333333,-0.000037,0.000298,-0.301306,-0.000065,-0.002144,-2.255798,-0.000091,-0.000355,2.255753,1828.121,0,0.000000,4
21,0.350000,-0.000039,0.000237,-0.341204,-0.000056,-0.002596,-2.393152,-0.000097,-0.000353,2.393100,1885.805,0,0.000000,4
22,0.366667,-0.000041,0.000178,-0.383407,-0.000051,-0.002976,-2.531836,-0.000103,-0.000346,2.531779,1943.747,0,0.000000,4
23,0.383333,-0.000037,0.000096,-0.431663,0.000304,-0.003386,-2.894335,-0.000106,-0.000191,2.894267,2001.953,0,0.000000,4
24,0.400000,-0.000034,0.000027,-0.481706,0.000232,-0.003461,-3.002098,-0.000110,-0.000225,3.002026,2013.624,0,0.000000,4
25,0.416667,-0.000032,-0.000030,-0.533496,0.000174,-0.003485,-3.107463,-0.000114,-0.000241,3.107388,2072.012,0,0.000000,4
26,0.433333,-0.000030,-0.000074,-0.587056,0.000128,-0.003465,-3.214110,-0.000118,-0.000244,3.214036,2130.667,0,0.000000,4
27,0.450000,-0.000029,-0.000109,-0.642751,0.000127,-0.003412,-3.342582,-0.000122,-0.000247,3.342510,2189.608,0,0.000000,4
28,0.466667,-0.000018,-0.000163,-0.704593,0.000636,-0.003420,-3.710710,-0.000123,-0.000042,3.710633,2248.849,0,0.000000,4
29,0.483333,-0.000010,-0.000200,-0.768199,0.000540,-0.003110,-3.816900,-0.000125,-0.000123,3.816825,2261.636,0,0.000000,4
30,0.500000,-0.000002,-0.000222,-0.833465,0.000473,-0.002780,-3.916941,-0.000128,-0.000171,3.916870,2321.142,0,0.000000,4
31,0.516667,0.000013,-0.000255,-0.904120,0.000907,-0.002549,-4.239734,-0.000127,0.000032,4.239661,2380.917,0,0.000000,4
32,0.533333,0.000024,-0.000267,-0.976002,0.000698,-0.002069,-4.313789,-0.000128,-0.000081,4.313722,2394.323,0,0.000000,4
33,0.550000,0.000033,-0.000262,-1.049214,0.000565,-0.001626,-4.393999,-0.000131,-0.000130,4.393937,2454.376,0,0.000000,4
34,0.566667,-0.000043,-0.000256,-1.125809,0.000719,-0.001278,-4.596829,-0.000725,-0.035692,4.596771,2514.697,0,0.000000,4
35,0.583333,0.000050,-0.000249,-1.205981,0.004381,-0.000905,-4.811229,-0.000600,0.007522,4.811176,2552.046,0,0.000000,4
36,0.600000,0.000057,-0.000232,-1.288233,0.000061,-0.000463,-4.936067,-0.000556,0.002609,4.936015,2589.657,0,0.000000,4
37,0.616667,0.000092,-0.000233,-1.376392,0.001176,-0.000164,-5.289618,-0.000450,0.006419,5.289566,2650.504,0,0.000000,4
38,0.633333,0.000066,-0.000218,-1.466204,-0.002490,0.000344,-5.389125,-0.000345,0.006262,5.389073,2665.279,0,0.000000,4
39,0.650000,0.000077,-0.000216,-1.561336,-0.000560,0.000672,-5.707548,-0.000206,0.008377,5.707495,2726.269,0,0.000000,4
40,0.666667,0.000118,-0.000220,-1.661276,0.001180,0.001057,-5.995509,-0.000059,0.008816,5.995451,2741.112,0,0.000000,4
41,0.683333,0.000179,-0.000224,-1.765253,0.002430,0.001470,-6.237461,0.000076,0.008065,6.237397,2756.774,0,0.000000,4
42,0.700000,0.000247,-0.000223,-1.872761,0.003093,0.001863,-6.449310,0.000181,0.006289,6.449239,2777.394,0,0.000000,4
43,0.716667,0.000310,-0.000214,-1.983347,0.003167,0.002203,-6.634023,0.000247,0.003966,6.633945,2801.574,0,0.000000,4
44,0.733333,0.000347,-0.000202,-2.097441,0.001830,0.002437,-6.844512,0.000292,0.002739,6.844427,2830.600,0,0.000000,4
45,0.750000,0.000354,-0.000186,-2.215001,0.000348,0.002591,-7.052452,0.000300,0.000437,7.052359,2864.938,0,0.000000,4
46,0.766667,0.000330,-0.000160,-2.335088,-0.001130,0.002685,-7.204463,0.000263,-0.002217,7.204363,2905.894,0,0.000000,4
47,0.783333,0.000277,-0.000128,-2.457735,-0.002419,0.002658,-7.358342,0.000187,-0.004551,7.358237,2954.199,0,0.000000,4
48,0.800000,0.000212,-0.000086,-2.582206,-0.003331,0.002542,-7.468256,0.000123,-0.003847,7.468148,3009.222,0,0.000000,4
49,0.816667,0.000138,-0.000036,-2.708488,-0.003820,0.002300,-7.577384,0.000059,-0.003830,7.577276,3071.048,0,0.000000,4
50,0.833333,0.000065,0.000021,-2.836103,-0.003863,0.001962,-7.657866,0.000008,-0.003067,7.657762,3138.635,0,0.000000,4
51,0.850000,0.000002,0.000082,-2.965004,-0.003372,0.001519,-7.735529,-0.000031,-0.002313,7.735431,3211.456,0,0.000000,4
52,0.866667,-0.000045,0.000146,-3.094931,-0.002621,0.001000,-7.797542,-0.000054,-0.001357,7.797452,3288.281,0,0.000000,4
53,0.883333,-0.000074,0.000210,-3.225882,-0.001690,0.000419,-7.859337,-0.000060,-0.000391,7.859258,3368.179,0,0.000000,4
54,0.900000,-0.000084,0.000270,-3.357769,-0.000701,-0.000190,-7.915807,-0.000051,0.000539,7.915739,3449.884,0,0.000000,4
55,0.916667,-0.000083,0.000324,-3.490665,-0.000169,-0.000802,-7.976470,-0.000033,0.001104,7.976414,3532.347,0,0.000000,4
56,0.933333,-0.000072,0.000370,-3.624576,0.000310,-0.001382,-8.037416,0.000007,0.002389,8.037370,3614.426,0,0.000000,4
57,0.950000,-0.000055,0.000408,-3.759425,0.000637,-0.001898,-8.093739,0.000046,0.002334,8.093703,3695.189,0,0.000000,4
58,0.966667,-0.000031,0.000434,-3.895493,0.000774,-0.002340,-8.166725,0.000112,0.003933,8.166698,3777.758,0,0.000000,4
59,0.983333,-0.000009,0.000448,-4.032960,0.000661,-0.002675,-8.250376,0.000178,0.003984,8.250354,3856.183,0,0.000000,4
60,1.000000,0.000005,0.000450,-4.172067,0.000288,-0.002889,-8.348417,0.000239,0.003675,8.348402,3930.732,0,0.000000,4
61,1.016667,0.000008,0.000440,-4.313045,-0.000316,-0.002971,-8.460243,0.000291,0.003118,8.460232,4001.013,0,0.000000,4
62,1.033333,-0.000004,0.000418,-4.456102,-0.001095,-0.002913,-8.584487,0.000332,0.002417,8.584478,4066.896,0,0.000000,4
63,1.050000,-0.000037,0.000386,-4.601416,-0.002229,-0.002720,-8.719370,0.000362,0.001797,8.719362,4128.443,0,0.000000,4
64,1.066667,-0.000091,0.000346,-4.749132,-0.003416,-0.002402,-8.862970,0.000382,0.001204,8.862964,4185.880,0,0.000000,4
65,1.083333,-0.000164,0.000301,-4.899364,-0.004483,-0.001974,-9.013410,0.000392,0.000632,9.013402,4239.562,0,0.000000,4
66,1.100000,-0.000217,0.000250,-5.052321,-0.003663,-0.001458,-9.176396,0.000454,0.003693,9.176388,4289.948,0,0.000000,4
67,1.116667,-0.000268,0.000197,-5.208093,-0.002960,-0.000871,-9.344761,0.000443,-0.000617,9.344748,4337.571,0,0.000000,4
68,1.133333,-0.000299,0.000145,-5.366724,-0.002325,-0.000240,-9.515909,0.000491,0.002851,9.515892,4383.178,0,0.000000,4
69,1.150000,-0.000353,0.000101,-5.527464,-0.002580,0.000432,-9.642316,0.000416,-0.004507,9.642292,4427.472,0,0.000000,4
70,1.166667,-0.000403,0.000064,-5.690542,-0.002706,0.001060,-9.782516,0.000385,-0.001864,9.782486,4479.965,0,0.000000,4
71,1.183333,-0.000459,0.000041,-5.855389,-0.002849,0.001651,-9.888712,0.000328,-0.003386,9.888675,4534.985,0,0.000000,4
72,1.200000,-0.000516,0.000025,-6.022573,-0.002938,0.002130,-10.029036,0.000274,-0.003240,10.028988,4594.498,0,0.000000,4
73,1.216667,-0.000570,0.000022,-6.191513,-0.002909,0.002537,-10.134534,0.000241,-0.002010,10.134479,4650.005,0,0.000000,4
74,1.233333,-0.000622,0.000024,-6.362914,-0.002803,0.002802,-10.282261,0.000206,-0.002090,10.282194,4708.123,0,0.000000,4
75,1.250000,-0.000671,0.000038,-6.535928,-0.002591,0.002989,-10.379427,0.000167,-0.002339,10.379351,4762.146,0,0.000000,4
76,1.266667,-0.000712,0.000057,-6.711200,-0.002284,0.003023,-10.515004,0.000147,-0.001199,10.514918,4821.781,0,0.000000,4
77,1.283333,-0.000740,0.000081,-6.888468,-0.001685,0.002957,-10.635109,0.000142,-0.000309,10.635014,4877.188,0,0.000000,4
78,1.300000,-0.000757,0.000108,-7.067853,-0.000904,0.002777,-10.762297,0.000128,-0.000848,10.762195,4931.072,0,0.000000,4
79,1.316667,-0.000758,0.000139,-7.249013,-0.000279,0.002511,-10.869188,0.000154,0.001569,10.869080,4986.468,0,0.000000,4
80,1.333333,-0.000757,0.000168,-7.432539,0.000083,0.002134,-11.011253,0.000147,-0.000404,11.011140,5042.995,0,0.000000,4
81,1.350000,-0.000757,0.000199,-7.617528,0.000255,0.001726,-11.099448,0.000113,-0.002039,11.099333,5095.361,0,0.000000,4
82,1.366667,-0.000751,0.000226,-7.804773,0.000317,0.001225,-11.234988,0.000117,0.000237,11.234871,5153.843,0,0.000000,4
83,1.383333,-0.000742,0.000249,-7.994005,0.000223,0.000707,-11.354344,0.000153,0.002157,11.354226,5207.835,0,0.000000,4
84,1.400000,-0.000745,0.000269,-8.185112,-0.000088,0.000178,-11.467140,0.000138,-0.000885,11.467024,5260.237,0,0.000000,4
85,1.416667,-0.000747,0.000283,-8.378374,-0.000465,-0.000356,-11.596502,0.000182,0.002631,11.596389,5314.386,0,0.000000,4
86,1.433333,-0.000764,0.000294,-8.573187,-0.000996,-0.000843,-11.689775,0.000175,-0.000443,11.689667,5366.099,0,0.000000,4
87,1.450000,-0.000789,0.000297,-8.770213,-0.001538,-0.001323,-11.822597,0.000184,0.000546,11.822495,5422.024,0,0.000000,4
88,1.466667,-0.000818,0.000297,-8.968861,-0.002062,-0.001720,-11.920009,0.000226,0.002522,11.919913,5473.470,0,0.000000,4
89,1.483333,-0.000860,0.000289,-9.169808,-0.002643,-0.002079,-12.057949,0.000244,0.001085,12.057859,5527.174,0,0.000000,4
90,1.500000,-0.000914,0.000280,-9.372144,-0.003186,-0.002321,-12.141346,0.000238,-0.000349,12.141264,5576.396,0,0.000000,4
91,1.516667,-0.000969,0.000265,-9.576646,-0.003266,-0.002517,-12.271209,0.000245,0.000412,12.271133,5631.667,0,0.000000,4
92,1.533333,-0.001017,0.000247,-9.782941,-0.003328,-0.002604,-12.378730,0.000294,0.002925,12.378662,5682.251,0,0.000000,4
93,1.550000,-0.001075,0.000227,-9.991174,-0.003498,-0.002609,-12.494889,0.000304,0.000601,12.494826,5732.376,0,0.000000,4
94,1.566667,-0.001137,0.000206,-10.201152,-0.003690,-0.002521,-12.599543,0.000305,0.000052,12.599485,5782.915,0,0.000000,4
95,1.583333,-0.001200,0.000185,-10.413007,-0.003746,-0.002360,-12.712029,0.000302,-0.000145,12.711977,5834.229,0,0.000000,4
96,1.600000,-0.001264,0.000165,-10.626623,-0.003812,-0.002122,-12.817611,0.000297,-0.000292,12.817561,5883.831,0,0.000000,4
97,1.616667,-0.001330,0.000147,-10.842064,-0.003862,-0.001828,-12.926956,0.000291,-0.000388,12.926910,5933.863,0,0.000000,4
98,1.633333,-0.001396,0.000131,-11.059263,-0.003887,-0.001481,-13.032342,0.000283,-0.000444,13.032299,5982.861,0,0.000000,4
99,1.650000,-0.001462,0.000119,-11.278246,-0.003881,-0.001102,-13.139203,0.000275,-0.000472,13.139161,6031.914,0,0.000000,4
100,1.666667,-0.001527,0.000111,-11.498973,-0.003842,-0.000699,-13.243742,0.000268,-0.000476,13.243702,6080.261,0,0.000000,4
101,1.683333,-0.001591,0.000106,-11.721449,-0.003773,-0.000290,-13.348545,0.000260,-0.000461,13.348505,6128.436,0,0.000000,4
102,1.700000,-0.001653,0.000106,-11.945648,-0.003677,0.000115,-13.451855,0.000253,-0.000432,13.451816,6176.069,0,0.000000,4
103,1.716667,-0.001713,0.000110,-12.171562,-0.003563,0.000501,-13.554673,0.000246,-0.000393,13.554634,6223.321,0,0.000000,4
104,1.733333,-0.001771,0.000118,-12.399167,-0.003439,0.000857,-13.656028,0.000240,-0.000346,13.655989,6269.899,0,0.000000,4
105,1.750000,-0.001826,0.000130,-12.628443,-0.003314,0.001173,-13.756230,0.000236,-0.000293,13.756189,6315.812,0,0.000000,4
106,1.766667,-0.001879,0.000146,-12.859362,-0.003197,0.001440,-13.854788,0.000232,-0.000238,13.854745,6360.908,0,0.000000,4
107,1.783333,-0.001931,0.000164,-13.091897,-0.003096,0.001651,-13.951739,0.000229,-0.000182,13.951696,6405.161,0,0.000000,4
108,1.800000,-0.001981,0.000186,-13.326016,-0.003018,0.001801,-14.046816,0.000226,-0.000128,14.046770,6448.481,0,0.000000,4
109,1.816667,-0.002032,0.000209,-13.561688,-0.003093,0.001889,-14.139964,0.000224,-0.000158,14.139915,6490.834,0,0.000000,4
110,1.833333,-0.002085,0.000233,-13.798877,-0.003162,0.001913,-14.231030,0.000221,-0.000149,14.230978,6532.168,0,0.000000,4
111,1.850000,-0.002138,0.000259,-14.037546,-0.003218,0.001876,-14.319943,0.000219,-0.000127,14.319891,6572.453,0,0.000000,4
112,1.866667,-0.002192,0.000284,-14.277659,-0.003214,0.001779,-14.406614,0.000217,-0.000122,14.406561,6611.657,0,0.000000,4
113,1.883333,-0.002245,0.000309,-14.519177,-0.003193,0.001629,-14.490989,0.000215,-0.000108,14.490935,6649.763,0,0.000000,4
114,1.900000,-0.002298,0.000332,-14.762061,-0.003160,0.001432,-14.573014,0.000214,-0.000090,14.572957,6686.754,0,0.000000,4
115,1.916667,-0.002350,0.000354,-15.006271,-0.003123,0.001197,-14.652661,0.000213,-0.000069,14.652603,6722.625,0,0.000000,4
116,1.933333,-0.002401,0.000373,-15.251767,-0.003086,0.000931,-14.729909,0.000212,-0.000048,14.729851,6757.369,0,0.000000,4
117,1.950000,-0.002453,0.000390,-15.498508,-0.003090,0.000645,-14.804747,0.000211,-0.000050,14.804690,6790.991,0,0.000000,4
118,1.966667,-0.002504,0.000405,-15.746456,-0.003087,0.000348,-14.877181,0.000211,-0.000041,14.877126,6823.496,0,0.000000,4
119,1.983333,-0.002556,0.000416,-15.995569,-0.003096,0.000050,-14.947218,0.000210,-0.000041,14.947165,6854.895,0,0.000000,4
120,2.000000,-0.002608,0.000425,-16.245808,-0.003098,-0.000240,-15.014885,0.000209,-0.000035,15.014834,6885.201,0,0.000000,4
121,2.016667,-0.002660,0.000430,-16.497135,-0.003102,-0.000512,-15.080205,0.000209,-0.000032,15.080156,6914.432,0,0.000000,4
122,2.033333,-0.002712,0.000433,-16.749512,-0.003106,-0.000759,-15.143215,0.000208,-0.000029,15.143171,6942.605,0,0.000000,4
123,2.050000,-0.002764,0.000433,-17.002899,-0.003112,-0.000974,-15.203956,0.000208,-0.000027,15.203914,6969.743,0,0.000000,4
124,2.066667,-0.002817,0.000431,-17.257261,-0.003118,-0.001150,-15.262467,0.000207,-0.000025,15.262429,6995.867,0,0.000000,4
125,2.083333,-0.002869,0.000428,-17.512564,-0.003124,-0.001284,-15.318805,0.000207,-0.000023,15.318770,7021.002,0,0.000000,4
126,2.100000,-0.002922,0.000422,-17.768768,-0.003132,-0.001374,-15.373015,0.000207,-0.000022,15.372984,7045.175,0,0.000000,4
127,2.116667,-0.002974,0.000416,-18.025843,-0.003137,-0.001417,-15.425157,0.000206,-0.000019,15.425129,7068.410,0,0.000000,4
128,2.133333,-0.003027,0.000410,-18.283752,-0.003146,-0.001414,-15.475285,0.000206,-0.000019,15.475261,7090.735,0,0.000000,4
129,2.150000,-0.003080,0.000404,-18.542465,-0.003152,-0.001368,-15.523455,0.000206,-0.000017,15.523434,7112.178,0,0.000000,4
130,2.166667,-0.003133,0.000398,-18.801950,-0.003163,-0.001281,-15.569729,0.000205,-0.000018,15.569710,7132.765,0,0.000000,4
131,2.183333,-0.003186,0.000394,-19.062178,-0.003170,-0.001156,-15.614164,0.000205,-0.000016,15.614148,7152.523,1,0.000000,4
132,2.200000,-0.003241,0.000352,-19.328695,-0.003251,-0.001155,-15.990166,0.000203,-0.000143,15.990146,7152.523,1,0.000000,4
133,2.216667,-0.003296,0.000310,-19.597006,-0.003297,-0.000821,-16.097485,0.000199,-0.000226,16.097460,7054.518,1,0.000000,4
134,2.233333,-0.003353,0.000273,-19.866873,-0.003344,-0.000452,-16.190874,0.000194,-0.000304,16.190844,6949.872,1,0.000000,4
135,2.250000,-0.003411,0.000242,-20.138191,-0.003390,-0.000077,-16.277906,0.000188,-0.000371,16.277868,6838.563,1,0.000000,4
136,2.266667,-0.003469,0.000185,-20.415461,-0.003422,0.000155,-16.633829,0.000181,-0.000398,16.633778,6720.571,1,0.000000,4
137,2.283333,-0.003527,0.000143,-20.694092,-0.003426,0.000639,-16.715740,0.000174,-0.000441,16.715673,6576.958,1,0.000000,4
138,2.300000,-0.003585,0.000111,-20.974482,-0.003408,0.001042,-16.821394,0.000166,-0.000486,16.821310,6441.669,1,0.000000,4
139,2.316667,-0.003640,0.000062,-21.260580,-0.003251,0.001267,-17.163034,0.000157,-0.000494,17.162924,6299.589,1,0.000000,4
140,2.333333,-0.003695,0.000034,-21.547689,-0.003203,0.001682,-17.224249,0.000148,-0.000568,17.224115,6120.060,1,0.000000,4
141,2.350000,-0.003749,0.000017,-21.836794,-0.003145,0.001935,-17.344358,0.000138,-0.000572,17.344202,5960.382,1,0.000000,4
142,2.366667,-0.003795,-0.000015,-22.131716,-0.002744,0.001979,-17.692633,0.000131,-0.000433,17.692438,5793.830,1,0.000000,4
143,2.383333,-0.003835,-0.000051,-22.431437,-0.002363,0.002084,-17.980392,0.000125,-0.000346,17.980152,5577.810,1,0.000000,4
144,2.400000,-0.003873,-0.000087,-22.735479,-0.002203,0.002183,-18.239697,0.000119,-0.000411,18.239407,5346.738,1,0.000000,4
145,2.416667,-0.003902,-0.000117,-23.043407,-0.001747,0.002244,-18.472937,0.000116,-0.000178,18.472593,5101.089,1,0.000000,4
146,2.433333,-0.003924,-0.000139,-23.354872,-0.001386,0.002242,-18.685501,0.000117,0.000052,18.685108,4858.591,1,0.000000,4
147,2.450000,-0.003942,-0.000146,-23.668839,-0.001146,0.002182,-18.836283,0.000121,0.000246,18.835850,4608.726,1,0.000000,4
148,2.466667,-0.003958,-0.000134,-23.984333,-0.001046,0.002026,-18.928741,0.000127,0.000401,18.928286,4539.541,1,0.000000,4
149,2.483333,-0.003974,-0.000105,-24.300913,-0.001022,0.001735,-18.994822,0.000135,0.000481,18.994362,4557.632,1,0.000000,4
150,2.500000,-0.003991,-0.000059,-24.618206,-0.001124,0.001313,-19.038574,0.000144,0.000519,19.038134,4587.859,1,0.000000,4
151,2.516667,-0.004012,0.000001,-24.935942,-0.001331,0.000764,-19.066072,0.000153,0.000518,19.065668,4628.348,1,0.000000,4
152,2.533333,-0.004038,0.000071,-25.253962,-0.001619,0.000106,-19.083967,0.000161,0.000479,19.083611,4676.791,1,0.000000,4
153,2.550000,-0.004070,0.000145,-25.572216,-0.001960,-0.000632,-19.098684,0.000168,0.000412,19.098389,4730.666,1,0.000000,4
154,2.566667,-0.004108,0.000219,-25.890751,-0.002325,-0.001410,-19.115974,0.000173,0.000324,19.115740,4787.436,1,0.000000,4
155,2.583333,-0.004153,0.000287,-26.209692,-0.002689,-0.002178,-19.140644,0.000177,0.000225,19.140465,4844.709,1,0.000000,4
156,2.600000,-0.004203,0.000346,-26.529226,-0.003027,-0.002892,-19.176395,0.000179,0.000124,19.176270,4900.377,1,0.000000,4
157,2.616667,-0.004259,0.000392,-26.849585,-0.003320,-0.003509,-19.225748,0.000179,0.000031,19.225664,4952.711,1,0.000000,4
158,2.633333,-0.004317,0.000424,-27.170893,-0.003437,-0.003985,-19.282509,0.000180,0.000026,19.282455,5000.419,1,0.000000,4
159,2.650000,-0.004375,0.000440,-27.493637,-0.003475,-0.004307,-19.368137,0.000181,0.000080,19.368109,5042.677,1,0.000000,4
160,2.666667,-0.004434,0.000441,-27.817852,-0.003516,-0.004431,-19.455887,0.000183,0.000119,19.455873,5078.908,1,0.000000,4
161,2.683333,-0.004493,0.000427,-28.143967,-0.003565,-0.004369,-19.569281,0.000186,0.000159,19.569275,5109.492,1,0.000000,4
162,2.700000,-0.004553,0.000403,-28.471825,-0.003621,-0.004098,-19.673168,0.000188,0.000170,19.673166,5134.563,1,0.000000,4
163,2.716667,-0.004614,0.000367,-28.801989,-0.003692,-0.003667,-19.810860,0.000192,0.000200,19.810860,5155.141,1,0.000000,4
164,2.733333,-0.004677,0.000326,-29.134079,-0.003771,-0.003058,-19.925861,0.000195,0.000194,19.925861,5171.637,1,0.000000,4
165,2.750000,-0.004741,0.000281,-29.468292,-0.003864,-0.002333,-20.052607,0.000198,0.000161,20.052607,5185.697,1,0.000000,4
166,2.766667,-0.004807,0.000241,-29.803965,-0.003981,-0.001497,-20.139669,0.000200,0.000144,20.139668,5203.290,1,0.000000,4
167,2.783333,-0.004875,0.000205,-30.141296,-0.004100,-0.000631,-20.238855,0.000202,0.000104,20.238853,5229.195,1,0.000000,4
168,2.800000,-0.004945,0.000176,-30.480223,-0.004191,0.000245,-20.334187,0.000203,0.000078,20.334183,5253.059,1,0.000000,4
169,2.816667,-0.005015,0.000154,-30.820759,-0.004221,0.001095,-20.430609,0.000204,0.000081,20.430601,5277.781,1,0.000000,4
170,2.833333,-0.005085,0.000140,-31.162897,-0.004266,0.001888,-20.526505,0.000206,0.000068,20.526493,5302.289,1,0.000000,4
171,2.850000,-0.005157,0.000135,-31.506636,-0.004307,0.002597,-20.622335,0.000207,0.000055,20.622316,5326.842,1,0.000000,4
172,2.866667,-0.005229,0.000139,-31.851967,-0.004337,0.003198,-20.717918,0.000207,0.000048,20.717890,5351.323,1,0.000000,4
173,2.883333,-0.005301,0.000151,-32.198887,-0.004368,0.003673,-20.813282,0.000208,0.000039,20.813240,5375.750,1,0.000000,4
174,2.900000,-0.005374,0.000170,-32.547394,-0.004393,0.004011,-20.908392,0.000209,0.000032,20.908337,5400.108,1,0.000000,4
175,2.916667,-0.005447,0.000196,-32.897476,-0.004417,0.004203,-21.003235,0.000209,0.000024,21.003162,5424.401,1,0.000000,4
176,2.933333,-0.005521,0.000225,-33.249134,-0.004438,0.004248,-21.097794,0.000209,0.000018,21.097706,5448.625,1,0.000000,4
177,2.950000,-0.005595,0.000258,-33.602360,-0.004457,0.004149,-21.192055,0.000209,0.000012,21.191952,5472.783,1,0.000000,4
178,2.966667,-0.005669,0.000292,-33.957146,-0.004474,0.003915,-21.286009,0.000210,0.000007,21.285891,5496.875,1,0.000000,4
179,2.983333,-0.005744,0.000326,-34.313492,-0.004489,0.003559,-21.379642,0.000210,0.000002,21.379507,5520.898,1,0.000000,4
180,3.000000,-0.005819,0.000359,-34.671387,-0.004506,0.003096,-21.472950,0.000210,-0.000005,21.472805,5544.855,1,0.000000,4
181,3.016667,-0.005894,0.000388,-35.030827,-0.004523,0.002546,-21.565924,0.000209,-0.000011,21.565769,5568.746,1,0.000000,4
182,3.033333,-0.005969,0.000413,-35.391808,-0.004538,0.001929,-21.658560,0.000209,-0.000018,21.658398,5592.570,1,0.000000,4
183,3.050000,-0.006045,0.000432,-35.754322,-0.004550,0.001269,-21.750854,0.000209,-0.000024,21.750689,5616.325,1,0.000000,4
184,3.066667,-0.006121,0.000446,-36.118366,-0.004560,0.000588,-21.842806,0.000208,-0.000029,21.842638,5640.012,1,0.000000,4
185,3.083333,-0.006197,0.000454,-36.483932,-0.004566,-0.000092,-21.934412,0.000208,-0.000033,21.934244,5663.628,1,0.000000,4
186,3.100000,-0.006274,0.000456,-36.851017,-0.004570,-0.000749,-22.025675,0.000207,-0.000035,22.025515,5687.175,1,0.000000,4
187,3.116667,-0.006350,0.000450,-37.219616,-0.004572,-0.001363,-22.116594,0.000206,-0.000035,22.116440,5710.650,1,0.000000,4
188,3.133333,-0.006426,0.000439,-37.589722,-0.004571,-0.001915,-22.207176,0.000206,-0.000035,22.207029,5734.052,1,0.000000,4
189,3.150000,-0.006503,0.000422,-37.961330,-0.004570,-0.002390,-22.297422,0.000205,-0.000033,22.297283,5757.379,1,0.000000,4
190,3.166667,-0.006579,0.000401,-38.334435,-0.004568,-0.002776,-22.387337,0.000205,-0.000030,22.387209,5780.632,1,0.000000,4
191,3.183333,-0.006655,0.000375,-38.709034,-0.004564,-0.003062,-22.476927,0.000204,-0.000029,22.476809,5803.808,1,0.000000,4
192,3.200000,-0.006732,0.000346,-39.085121,-0.004567,-0.003242,-22.566198,0.000204,-0.000030,22.566097,5826.903,1,0.000000,4
193,3.216667,-0.006808,0.000315,-39.462692,-0.004572,-0.003318,-22.655155,0.000203,-0.000032,22.655062,5849.921,1,0.000000,4
194,3.233333,-0.006884,0.000283,-39.841740,-0.004577,-0.003285,-22.743807,0.000203,-0.000033,22.743723,5872.857,1,0.000000,4
195,3.250000,-0.006961,0.000252,-40.222260,-0.004582,-0.003152,-22.832153,0.000202,-0.000033,22.832077,5895.709,1,0.000000,4
196,3.266667,-0.007038,0.000222,-40.604252,-0.004588,-0.002926,-22.920202,0.000202,-0.000034,22.920132,5918.480,1,0.000000,4
197,3.283333,-0.007114,0.000195,-40.987705,-0.004593,-0.002619,-23.007954,0.000201,-0.000035,23.007889,5941.165,1,0.000000,4
198,3.300000,-0.007191,0.000172,-41.372620,-0.004598,-0.002242,-23.095415,0.000201,-0.000035,23.095358,5963.764,1,0.000000,4
199,3.316667,-0.007268,0.000152,-41.758987,-0.004603,-0.001810,-23.182587,0.000200,-0.000035,23.182535,5986.277,1,0.000000,4
200,3.333333,-0.007345,0.000137,-42.146809,-0.004608,-0.001340,-23.269466,0.000199,-0.000036,23.269417,6008.704,1,0.000000,4
201,3.350000,-0.007422,0.000128,-42.536072,-0.004612,-0.000846,-23.356062,0.000199,-0.000036,23.356014,6031.044,1,0.000000,4
202,3.366667,-0.007499,0.000124,-42.926777,-0.004616,-0.000347,-23.442366,0.000198,-0.000036,23.442318,6053.296,1,0.000000,4
203,3.383333,-0.007576,0.000125,-43.318916,-0.004620,0.000142,-23.528381,0.000197,-0.000037,23.528336,6075.461,1,0.000000,4
204,3.400000,-0.007653,0.000132,-43.712486,-0.004624,0.000608,-23.614103,0.000197,-0.000037,23.614056,6097.537,1,0.000000,4
205,3.416667,-0.007731,0.000143,-44.107483,-0.004627,0.001035,-23.699533,0.000196,-0.000037,23.699488,6119.527,1,0.000000,4
206,3.433333,-0.007808,0.000159,-44.503899,-0.004630,0.001412,-23.784666,0.000196,-0.000038,23.784618,6141.427,1,0.000000,4
207,3.450000,-0.007885,0.000179,-44.901730,-0.004632,0.001732,-23.869492,0.000195,-0.000038,23.869440,6163.235,1,0.000000,4
208,3.466667,-0.007962,0.000202,-45.300968,-0.004634,0.001985,-23.953962,0.000194,-0.000038,23.953909,6184.931,1,0.000000,4
209,3.483333,-0.008040,0.000227,-45.701611,-0.004635,0.002168,-24.038038,0.000194,-0.000038,24.037977,6206.501,1,0.000000,4
210,3.500000,-0.008117,0.000254,-46.103645,-0.004636,0.002277,-24.121677,0.000193,-0.000038,24.121618,6227.937,1,0.000000,4
211,3.516667,-0.008194,0.000281,-46.507069,-0.004637,0.002311,-24.204844,0.000192,-0.000038,24.204779,6249.227,1,0.000000,4
212,3.533333,-0.008272,0.000308,-46.911869,-0.004637,0.002275,-24.287498,0.000192,-0.000038,24.287430,6270.365,1,0.000000,4
213,3.550000,-0.008349,0.000335,-47.318035,-0.004637,0.002172,-24.369606,0.000191,-0.000038,24.369530,6291.341,1,0.000000,4
214,3.566667,-0.008426,0.000359,-47.725559,-0.004637,0.002007,-24.451138,0.000191,-0.000038,24.451057,6312.149,1,0.000000,4
215,3.583333,-0.008504,0.000382,-48.134434,-0.004637,0.001789,-24.532055,0.000190,-0.000038,24.531969,6332.784,1,0.000000,4
216,3.600000,-0.008581,0.000401,-48.544643,-0.004636,0.001527,-24.612329,0.000189,-0.000038,24.612244,6353.236,1,0.000000,4
217,3.616667,-0.008658,0.000417,-48.956177,-0.004636,0.001230,-24.691935,0.000189,-0.000037,24.691845,6373.502,1,0.000000,4
218,3.633333,-0.008736,0.000430,-49.369026,-0.004635,0.000908,-24.770844,0.000188,-0.000037,24.770752,6393.577,1,0.000000,4
219,3.650000,-0.008813,0.000438,-49.783176,-0.004634,0.000573,-24.849033,0.000187,-0.000037,24.848940,6413.453,1,0.000000,4
220,3.666667,-0.008890,0.000443,-50.198616,-0.004633,0.000236,-24.926479,0.000187,-0.000036,24.926386,6433.126,1,0.000000,4
221,3.683333,-0.008967,0.000444,-50.615334,-0.004632,-0.000093,-25.003162,0.000186,-0.000036,25.003067,6452.594,1,0.000000,4
222,3.700000,-0.009045,0.000442,-51.033314,-0.004630,-0.000406,-25.079060,0.000186,-0.000036,25.078966,6471.850,1,0.000000,4
223,3.716667,-0.009122,0.000436,-51.452545,-0.004629,-0.000693,-25.154160,0.000185,-0.000036,25.154064,6490.891,1,0.000000,4
224,3.733333,-0.009199,0.000427,-51.873016,-0.004628,-0.000946,-25.228441,0.000184,-0.000035,25.228350,6509.713,1,0.000000,4
225,3.750000,-0.009276,0.000416,-52.294708,-0.004626,-0.001160,-25.301893,0.000184,-0.000035,25.301807,6528.313,1,0.000000,4
226,3.766667,-0.009353,0.000402,-52.717609,-0.004626,-0.001331,-25.374504,0.000183,-0.000035,25.374422,6546.689,1,0.000000,4
227,3.783333,-0.009431,0.000388,-53.141708,-0.004624,-0.001455,-25.446260,0.000183,-0.000034,25.446180,6564.837,1,0.000000,4
228,3.800000,-0.009508,0.000372,-53.566986,-0.004623,-0.001530,-25.517157,0.000182,-0.000034,25.517082,6582.756,1,0.000000,4
229,3.816667,-0.009585,0.000356,-53.993431,-0.004622,-0.001556,-25.587183,0.000182,-0.000034,25.587112,6600.442,1,0.000000,4
230,3.833333,-0.009662,0.000341,-54.421028,-0.004621,-0.001535,-25.656330,0.000181,-0.000033,25.656263,6617.897,1,0.000000,4
231,3.850000,-0.009739,0.000326,-54.849766,-0.004619,-0.001469,-25.724596,0.000181,-0.000033,25.724533,6635.115,1,0.000000,4
232,3.866667,-0.009816,0.000313,-55.279625,-0.004618,-0.001363,-25.791973,0.000180,-0.000033,25.791914,6652.098,1,0.000000,4
233,3.883333,-0.009893,0.000302,-55.710594,-0.004617,-0.001222,-25.858459,0.000179,-0.000033,25.858402,6668.845,1,0.000000,4
234,3.900000,-0.009970,0.000293,-56.142654,-0.004615,-0.001051,-25.924051,0.000179,-0.000032,25.923996,6685.353,1,0.000000,4
235,3.916667,-0.010047,0.000286,-56.575794,-0.004614,-0.000857,-25.988747,0.000178,-0.000032,25.988693,6701.624,1,0.000000,4
236,3.933333,-0.010124,0.000283,-57.009998,-0.004612,-0.000647,-26.052542,0.000178,-0.000031,26.052496,6717.656,1,0.000000,4
237,3.950000,-0.010201,0.000281,-57.445251,-0.004611,-0.000429,-26.115438,0.000177,-0.000031,26.115393,6733.451,1,0.000000,4
238,3.966667,-0.010278,0.000283,-57.881538,-0.004609,-0.000208,-26.177437,0.000177,-0.000031,26.177393,6749.007,1,0.000000,4
239,3.983333,-0.010355,0.000287,-58.318844,-0.004607,0.000009,-26.238537,0.000176,-0.000030,26.238493,6764.327,1,0.000000,4
